Fecha,Superior,Regular,Diesel,GasLicuado
01/2021,21.91,21.11,17.61,99.0
01/2021,21.91,21.11,17.61,99.0
01/2021,21.91,21.11,17.61,99.0
01/2021,21.91,21.11,17.61,99.0
01/2021,21.91,21.11,17.61,99.0
01/2021,21.91,21.11,17.61,99.0
01/2021,21.91,21.11,17.61,99.0
01/2021,21.91,21.11,17.61,99.0
01/2021,21.91,21.11,17.61,99.0
01/2021,21.91,21.11,17.61,99.0
01/2021,22.39,21.59,17.69,99.0
01/2021,22.39,21.59,17.69,99.0
01/2021,22.39,21.59,17.69,101.67
01/2021,22.39,21.59,17.69,101.67
01/2021,22.39,21.59,17.69,101.67
01/2021,22.39,21.59,17.69,107.0
01/2021,22.39,21.59,17.69,107.0
01/2021,23.21,22.41,18.3,107.0
01/2021,23.21,22.41,18.3,107.0
01/2021,23.21,22.41,18.3,110.0
01/2021,23.21,22.41,18.3,110.0
01/2021,23.21,22.41,18.3,110.0
01/2021,23.21,22.41,18.3,116.0
01/2021,23.21,22.41,18.3,116.0
01/2021,23.44,22.64,18.47,116.0
01/2021,23.44,22.64,18.47,116.0
01/2021,23.44,22.64,18.47,116.0
01/2021,23.44,22.64,18.47,116.0
01/2021,23.44,22.64,18.47,116.0
01/2021,23.44,22.64,18.47,116.0
01/2021,23.44,22.64,18.47,116.0
02/2021,23.57,22.77,18.57,116.0
02/2021,23.57,22.77,18.57,116.0
02/2021,23.57,22.77,18.57,116.0
02/2021,23.57,22.77,18.57,116.0
02/2021,23.57,22.77,18.57,116.0
02/2021,23.57,22.77,18.57,116.0
02/2021,23.57,22.77,18.57,116.0
02/2021,23.98,23.18,18.98,116.0
02/2021,23.98,23.18,18.98,116.0
02/2021,23.98,23.18,18.98,116.0
02/2021,23.98,23.18,18.98,116.0
02/2021,23.98,23.18,18.98,116.0
02/2021,23.98,23.18,18.98,116.0
02/2021,23.98,23.18,18.98,116.0
02/2021,24.39,23.59,19.79,116.0
02/2021,24.39,23.59,19.79,116.0
02/2021,24.39,23.59,19.79,116.0
02/2021,24.39,23.59,19.79,116.0
02/2021,24.39,23.59,19.79,116.0
02/2021,24.39,23.59,19.79,116.0
02/2021,24.39,23.59,19.79,116.0
02/2021,25.1,24.3,20.5,116.0
02/2021,25.1,24.3,20.5,116.0
02/2021,25.1,24.3,20.5,116.0
02/2021,25.1,24.3,20.5,116.0
02/2021,25.1,24.3,20.5,116.0
02/2021,25.1,24.3,20.5,116.0
02/2021,25.1,24.3,20.5,116.0
03/2021,25.85,25.05,20.86,116.0
03/2021,25.85,25.05,20.86,116.0
03/2021,25.85,25.05,20.86,116.0
03/2021,25.85,25.05,20.86,116.0
03/2021,25.85,25.05,20.86,116.0
03/2021,25.85,25.05,20.86,116.0
03/2021,25.85,25.05,20.86,116.0
03/2021,26.6,25.81,21.31,116.0
03/2021,26.6,25.81,21.31,116.0
03/2021,26.6,25.81,21.31,116.0
03/2021,26.6,25.81,21.31,118.0
03/2021,26.6,25.81,21.31,120.0
03/2021,26.6,25.81,21.31,120.0
03/2021,26.6,25.81,21.31,120.0
03/2021,27.27,26.47,21.68,120.0
03/2021,27.27,26.47,21.68,120.0
03/2021,27.27,26.47,21.68,120.0
03/2021,27.27,26.47,21.68,120.0
03/2021,27.27,26.47,21.68,120.0
03/2021,27.27,26.47,21.68,120.0
03/2021,27.27,26.47,21.68,120.0
03/2021,27.02,26.22,21.41,120.0
03/2021,27.02,26.22,21.41,120.0
03/2021,27.02,26.22,21.41,120.0
03/2021,27.02,26.22,21.41,120.0
03/2021,27.02,26.22,21.41,120.0
03/2021,27.02,26.22,21.41,120.0
03/2021,27.02,26.22,21.41,120.0
03/2021,26.35,25.56,20.8,120.0
03/2021,26.35,25.56,20.8,120.0
03/2021,26.35,25.56,20.8,120.0
04/2021,26.35,25.56,20.8,120.0
04/2021,26.35,25.56,20.8,120.0
04/2021,26.35,25.56,20.8,120.0
04/2021,26.35,25.56,20.8,120.0
04/2021,26.45,25.66,20.71,120.0
04/2021,26.45,25.66,20.71,120.0
04/2021,26.45,25.66,20.71,120.0
04/2021,26.45,25.66,20.71,120.0
04/2021,26.45,25.66,20.71,120.0
04/2021,26.45,25.66,20.71,120.0
04/2021,26.45,25.66,20.71,120.0
04/2021,26.97,26.17,20.43,120.0
04/2021,26.97,26.17,20.43,120.0
04/2021,26.97,26.17,20.43,120.0
04/2021,26.97,26.17,20.43,120.0
04/2021,26.97,26.17,20.43,120.0
04/2021,26.97,26.17,20.43,120.0
04/2021,26.97,26.17,20.43,120.0
04/2021,27.0,26.2,20.59,120.0
04/2021,27.0,26.2,20.59,120.0
04/2021,27.0,26.2,20.59,120.0
04/2021,27.0,26.2,20.59,120.0
04/2021,27.0,26.2,20.59,120.0
04/2021,27.0,26.2,20.59,120.0
04/2021,27.0,26.2,20.59,120.0
04/2021,27.27,26.49,20.87,120.0
04/2021,27.27,26.49,20.87,120.0
04/2021,27.27,26.49,20.87,120.0
04/2021,27.27,26.49,20.87,120.0
04/2021,27.27,26.49,20.87,120.0
05/2021,27.27,26.49,20.87,120.0
05/2021,27.27,26.49,20.87,120.0
05/2021,27.29,26.49,21.12,120.0
05/2021,27.29,26.49,21.12,120.0
05/2021,27.29,26.49,21.12,120.0
05/2021,27.29,26.49,21.12,120.0
05/2021,27.29,26.49,21.12,120.0
05/2021,27.29,26.49,21.12,120.0
05/2021,27.29,26.49,21.12,120.0
05/2021,27.89,27.09,21.79,120.0
05/2021,27.89,27.09,21.79,120.0
05/2021,27.89,27.09,21.79,120.0
05/2021,27.89,27.09,21.79,120.0
05/2021,27.89,27.09,21.79,120.0
05/2021,27.89,27.09,21.79,120.0
05/2021,27.89,27.09,21.79,120.0
05/2021,27.9,27.09,21.79,120.0
05/2021,27.9,27.09,21.79,120.0
05/2021,27.9,27.09,21.79,120.0
05/2021,27.9,27.09,21.79,120.0
05/2021,27.9,27.09,21.79,120.0
05/2021,27.9,27.09,21.79,120.0
05/2021,27.9,27.09,21.79,120.0
05/2021,27.88,27.08,21.78,120.0
05/2021,27.88,27.08,21.78,120.0
05/2021,27.88,27.08,21.78,120.0
05/2021,27.88,27.08,21.78,120.0
05/2021,27.88,27.08,21.78,120.0
05/2021,27.88,27.08,21.78,120.0
05/2021,27.88,27.08,21.78,120.0
05/2021,28.01,27.22,22.29,120.0
06/2021,28.01,27.22,22.29,120.0
06/2021,28.01,27.22,22.29,120.0
06/2021,28.01,27.22,22.29,120.0
06/2021,28.01,27.22,22.29,120.0
06/2021,28.01,27.22,22.29,120.0
06/2021,28.01,27.22,22.29,120.0
06/2021,27.99,27.2,22.58,120.0
06/2021,27.99,27.2,22.58,120.0
06/2021,27.99,27.2,22.58,120.0
06/2021,27.99,27.2,22.58,120.0
06/2021,27.99,27.2,22.58,120.0
06/2021,27.99,27.2,22.58,120.0
06/2021,27.99,27.2,22.58,120.0
06/2021,28.19,27.4,22.7,120.0
06/2021,28.19,27.4,22.7,120.0
06/2021,28.19,27.4,22.7,120.0
06/2021,28.19,27.4,22.7,120.0
06/2021,28.19,27.4,22.7,120.0
06/2021,28.19,27.4,22.7,120.0
06/2021,28.19,27.4,22.7,120.0
06/2021,27.68,26.86,21.88,120.0
06/2021,27.68,26.86,21.88,120.0
06/2021,27.68,26.86,21.88,120.0
06/2021,27.68,26.86,21.88,120.0
06/2021,27.68,26.86,21.88,120.0
06/2021,27.68,26.86,21.88,120.0
06/2021,27.68,26.86,21.88,120.0
06/2021,27.68,26.86,21.88,120.0
06/2021,27.6,26.8,21.81,120.0
06/2021,27.6,26.8,21.81,120.0
07/2021,27.6,26.8,21.81,120.0
07/2021,27.6,26.8,21.81,120.0
07/2021,27.6,26.8,21.81,120.0
07/2021,27.6,26.8,21.81,120.0
07/2021,28.78,27.98,22.97,120.0
07/2021,28.78,27.98,22.97,120.0
07/2021,28.78,27.98,22.97,120.0
07/2021,28.78,27.98,22.97,120.0
07/2021,28.78,27.98,22.97,120.0
07/2021,28.78,27.98,22.97,120.0
07/2021,28.78,27.98,22.97,120.0
07/2021,28.64,27.84,22.82,120.0
07/2021,28.64,27.84,22.82,120.0
07/2021,28.64,27.84,22.82,120.0
07/2021,28.64,27.84,22.82,120.0
07/2021,28.64,27.84,22.82,120.0
07/2021,28.64,27.84,22.82,120.0
07/2021,28.64,27.84,22.82,120.0
07/2021,28.34,27.54,22.55,120.0
07/2021,28.34,27.54,22.55,120.0
07/2021,28.34,27.54,22.55,120.0
07/2021,28.34,27.54,22.55,120.0
07/2021,28.34,27.54,22.55,120.0
07/2021,28.34,27.54,22.55,120.0
07/2021,28.34,27.54,22.55,120.0
07/2021,28.09,27.29,22.1,120.0
07/2021,28.09,27.29,22.1,120.0
07/2021,28.09,27.29,22.1,120.0
07/2021,28.09,27.29,22.1,120.0
07/2021,28.09,27.29,22.1,120.0
07/2021,28.09,27.29,22.1,120.0
08/2021,28.09,27.29,22.1,120.0
08/2021,29.1,28.28,23.1,120.0
08/2021,29.1,28.28,23.1,120.0
08/2021,29.1,28.28,23.1,120.0
08/2021,29.1,28.28,23.1,120.0
08/2021,29.1,28.28,23.1,120.0
08/2021,29.1,28.28,23.1,120.0
08/2021,29.1,28.28,23.1,120.0
08/2021,29.09,28.27,23.09,120.0
08/2021,29.09,28.27,23.09,120.0
08/2021,29.09,28.27,23.09,120.0
08/2021,29.09,28.27,23.09,120.0
08/2021,29.09,28.27,23.09,120.0
08/2021,29.09,28.27,23.09,120.0
08/2021,29.09,28.27,23.09,120.0
08/2021,29.09,28.27,23.09,120.0
08/2021,28.8,28.0,22.8,120.0
08/2021,28.8,28.0,22.8,120.0
08/2021,28.8,28.0,22.8,120.0
08/2021,28.8,28.0,22.8,120.0
08/2021,28.8,28.0,22.8,120.0
08/2021,28.8,28.0,22.8,120.0
08/2021,28.79,27.99,22.79,120.0
08/2021,28.79,27.99,22.79,120.0
08/2021,28.79,27.99,22.79,120.0
08/2021,28.79,27.99,22.79,120.0
08/2021,28.79,27.99,22.79,120.0
08/2021,28.79,27.99,22.79,120.0
08/2021,28.79,27.99,22.79,120.0
08/2021,28.79,27.99,22.79,120.0
08/2021,28.79,27.99,22.79,120.0
09/2021,28.79,27.99,22.79,120.0
09/2021,28.79,27.99,22.79,120.0
09/2021,28.79,27.99,22.79,120.0
09/2021,28.79,27.99,22.79,120.0
09/2021,28.79,27.99,22.79,120.0
09/2021,29.11,28.4,23.2,120.0
09/2021,29.11,28.4,23.2,120.0
09/2021,29.11,28.4,23.2,120.0
09/2021,29.11,28.4,23.2,120.0
09/2021,29.11,28.4,23.2,120.0
09/2021,29.11,28.4,23.2,120.0
09/2021,29.11,28.4,23.2,120.0
09/2021,29.08,28.4,23.47,120.0
09/2021,29.08,28.4,23.47,120.0
09/2021,29.08,28.4,23.47,120.0
09/2021,29.08,28.4,23.47,120.0
09/2021,29.08,28.4,23.47,120.0
09/2021,29.08,28.4,23.47,120.0
09/2021,29.08,28.4,23.47,120.0
09/2021,29.27,28.58,23.77,126.0
09/2021,29.27,28.58,23.77,126.0
09/2021,29.27,28.58,23.77,126.0
09/2021,29.27,28.58,23.77,129.0
09/2021,29.27,28.58,23.77,129.0
09/2021,29.27,28.58,23.77,129.0
09/2021,29.27,28.58,23.77,129.0
09/2021,29.29,28.59,23.79,129.0
09/2021,29.29,28.59,23.79,129.0
09/2021,29.29,28.59,23.79,129.0
09/2021,29.29,28.59,23.79,132.0
10/2021,29.29,28.59,23.79,132.0
10/2021,29.29,28.59,23.79,132.0
10/2021,29.29,28.59,23.79,132.0
10/2021,29.01,28.3,24.48,132.0
10/2021,29.01,28.3,24.48,132.0
10/2021,29.01,28.3,24.48,132.0
10/2021,29.01,28.3,24.48,132.0
10/2021,29.01,28.3,24.48,132.0
10/2021,29.01,28.3,24.48,132.0
10/2021,29.01,28.3,24.48,132.0
10/2021,29.98,29.28,25.41,132.0
10/2021,29.98,29.28,25.41,132.0
10/2021,29.98,29.28,25.41,132.0
10/2021,29.98,29.28,25.41,132.0
10/2021,29.98,29.28,25.41,132.0
10/2021,29.98,29.28,25.41,132.0
10/2021,29.98,29.28,25.41,132.0
10/2021,29.97,29.28,25.44,132.0
10/2021,29.97,29.28,25.44,132.0
10/2021,29.97,29.28,25.44,132.0
10/2021,29.97,29.28,25.44,132.0
10/2021,29.97,29.28,25.44,132.0
10/2021,29.97,29.28,25.44,132.0
10/2021,29.97,29.28,25.44,132.0
10/2021,30.98,30.28,26.49,132.0
10/2021,30.98,30.28,26.49,132.0
10/2021,30.98,30.28,26.49,132.0
10/2021,30.98,30.28,26.49,132.0
10/2021,30.98,30.28,26.49,132.0
10/2021,30.98,30.28,26.49,132.0
10/2021,30.98,30.28,26.49,132.0
11/2021,30.98,30.28,26.49,138.67
11/2021,30.98,30.28,26.48,138.67
11/2021,30.98,30.28,26.48,138.67
11/2021,30.98,30.28,26.48,138.67
11/2021,30.98,30.28,26.48,138.67
11/2021,30.98,30.28,26.48,138.67
11/2021,30.98,30.28,26.48,138.67
11/2021,30.99,30.3,26.49,138.67
11/2021,30.99,30.3,26.49,138.67
11/2021,30.99,30.3,26.49,138.67
11/2021,30.99,30.3,26.49,138.67
11/2021,30.99,30.3,26.49,138.67
11/2021,30.99,30.3,26.49,138.67
11/2021,30.99,30.3,26.49,138.67
11/2021,30.63,29.93,26.12,138.67
11/2021,30.63,29.93,26.12,138.67
11/2021,30.63,29.93,26.12,138.67
11/2021,30.63,29.93,26.12,138.67
11/2021,30.63,29.93,26.12,138.67
11/2021,30.63,29.93,26.12,138.67
11/2021,30.63,29.93,26.12,138.67
11/2021,30.01,29.32,25.7,138.67
11/2021,30.01,29.32,25.7,138.67
11/2021,30.01,29.32,25.7,138.67
11/2021,30.01,29.32,25.7,138.67
11/2021,30.01,29.32,25.7,138.67
11/2021,30.01,29.32,25.7,138.67
11/2021,30.01,29.32,25.7,138.67
11/2021,29.78,29.07,25.33,138.67
11/2021,29.78,29.07,25.33,138.67
12/2021,29.78,29.07,25.33,122.0
12/2021,29.78,29.07,25.33,122.0
12/2021,29.78,29.07,25.33,122.0
12/2021,29.78,29.07,25.33,122.0
12/2021,29.78,29.07,25.33,122.0
12/2021,28.82,28.1,24.36,122.0
12/2021,28.82,28.1,24.36,122.0
12/2021,28.82,28.1,24.36,122.0
12/2021,28.82,28.1,24.36,122.0
12/2021,28.82,28.1,24.36,122.0
12/2021,28.82,28.1,24.36,122.0
12/2021,28.82,28.1,24.36,122.0
12/2021,28.78,28.06,24.28,122.0
12/2021,28.78,28.06,24.28,122.0
12/2021,28.78,28.06,24.28,122.0
12/2021,28.78,28.06,24.28,122.0
12/2021,28.78,28.06,24.28,122.0
12/2021,28.78,28.06,24.28,122.0
12/2021,28.78,28.06,24.28,122.0
12/2021,28.78,28.06,24.28,122.0
12/2021,28.78,28.06,24.28,122.0
12/2021,28.78,28.06,24.28,122.0
12/2021,28.78,28.06,24.28,122.0
12/2021,28.78,28.06,24.28,122.0
12/2021,28.78,28.06,24.28,122.0
12/2021,28.78,28.06,24.28,122.0
12/2021,28.69,27.91,24.51,122.0
12/2021,28.69,27.91,24.51,122.0
12/2021,28.69,27.91,24.51,122.0
12/2021,28.69,27.91,24.51,122.0
12/2021,28.69,27.91,24.51,122.0
01/2022,28.69,27.91,24.51,122.0
01/2022,28.69,27.91,24.51,122.0
01/2022,28.79,27.99,24.6,122.0
01/2022,28.79,27.99,24.6,122.0
01/2022,28.79,27.99,24.6,122.0
01/2022,28.79,27.99,24.6,122.0
01/2022,28.79,27.99,24.6,122.0
01/2022,28.79,27.99,24.6,122.0
01/2022,28.79,27.99,24.6,122.0
01/2022,29.65,28.85,25.46,122.0
01/2022,29.65,28.85,25.46,122.0
01/2022,29.65,28.85,25.46,122.0
01/2022,29.65,28.85,25.46,122.0
01/2022,29.65,28.85,25.46,122.0
01/2022,29.65,28.85,25.46,122.0
01/2022,29.65,28.85,25.46,122.0
01/2022,30.49,29.69,26.49,122.0
01/2022,30.49,29.69,26.49,122.0
01/2022,30.49,29.69,26.49,122.0
01/2022,30.49,29.69,26.49,122.0
01/2022,30.49,29.69,26.49,122.0
01/2022,30.49,29.69,26.49,122.0
01/2022,30.49,29.69,26.49,122.0
01/2022,31.49,30.69,27.49,122.0
01/2022,31.49,30.69,27.49,122.0
01/2022,31.49,30.69,27.49,122.0
01/2022,31.49,30.69,27.49,122.0
01/2022,31.49,30.69,27.49,122.0
01/2022,31.49,30.69,27.49,122.0
01/2022,31.49,30.69,27.49,122.0
01/2022,31.5,30.69,27.98,122.0
02/2022,31.5,30.69,27.98,122.0
02/2022,31.5,30.69,27.98,122.0
02/2022,31.5,30.69,27.98,122.0
02/2022,31.5,30.69,27.98,122.0
02/2022,31.5,30.69,27.98,122.0
02/2022,31.5,30.69,27.98,122.0
02/2022,32.19,32.39,28.58,122.0
02/2022,32.19,32.39,28.58,122.0
02/2022,32.19,32.39,28.58,122.0
02/2022,32.19,32.39,28.58,122.0
02/2022,32.19,32.39,28.58,122.0
02/2022,32.19,32.39,28.58,122.0
02/2022,32.19,32.39,28.58,122.0
02/2022,32.22,31.42,28.61,122.0
02/2022,32.22,31.42,28.61,122.0
02/2022,32.22,31.42,28.61,122.0
02/2022,32.22,31.42,28.61,122.0
02/2022,32.22,31.42,28.61,122.0
02/2022,32.22,31.42,28.61,122.0
02/2022,32.22,31.42,28.61,122.0
02/2022,33.5,32.7,29.88,122.0
02/2022,33.5,32.7,29.88,122.0
02/2022,33.5,32.7,29.88,122.0
02/2022,33.5,32.7,29.88,122.0
02/2022,33.5,32.7,29.88,122.0
02/2022,33.5,32.7,29.88,122.0
02/2022,33.5,32.7,29.88,122.0
02/2022,33.88,33.29,30.09,122.0
03/2022,33.88,33.29,30.09,142.0
03/2022,33.88,33.29,30.09,142.0
03/2022,35.99,35.39,33.09,142.0
03/2022,35.99,35.39,33.09,142.0
03/2022,35.99,35.39,33.09,142.0
03/2022,35.99,35.39,33.09,142.0
03/2022,37.98,37.39,36.09,142.0
03/2022,37.98,37.39,36.09,142.0
03/2022,39.99,39.42,40.25,147.0
03/2022,39.99,39.42,40.25,147.0
03/2022,39.99,39.42,40.25,147.0
03/2022,39.99,39.42,40.25,147.0
03/2022,37.98,37.39,35.48,147.0
03/2022,37.98,37.39,35.48,147.0
03/2022,37.98,37.39,35.48,147.0
03/2022,38.0,37.39,35.7,147.0
03/2022,38.0,37.39,35.7,147.0
03/2022,38.0,37.39,35.7,142.0
03/2022,38.0,37.39,35.7,142.0
03/2022,38.0,37.39,35.7,142.0
03/2022,38.09,34.47,35.66,142.0
03/2022,38.09,34.47,35.66,142.0
03/2022,38.09,34.47,35.66,142.0
03/2022,38.09,34.47,35.66,142.0
03/2022,38.09,34.47,35.66,142.0
03/2022,38.09,34.47,35.66,142.0
03/2022,38.09,34.47,35.66,142.0
03/2022,38.09,34.47,35.66,142.0
03/2022,38.09,34.47,35.66,142.0
03/2022,38.91,38.31,37.39,142.0
03/2022,38.91,38.31,37.39,142.0
04/2022,38.91,38.31,37.39,122.0
04/2022,38.91,38.31,37.39,122.0
04/2022,38.91,38.31,37.39,122.0
04/2022,38.91,38.31,37.39,122.0
04/2022,38.91,38.31,37.39,122.0
04/2022,37.98,35.09,32.25,122.0
04/2022,37.98,35.09,32.25,122.0
04/2022,37.98,35.09,32.25,122.0
04/2022,37.98,35.09,32.25,122.0
04/2022,37.98,35.09,32.25,122.0
04/2022,37.98,35.09,32.25,122.0
04/2022,37.37,34.23,32.08,122.0
04/2022,37.37,34.23,32.08,122.0
04/2022,37.37,34.23,32.08,122.0
04/2022,37.37,34.23,32.08,122.0
04/2022,37.37,34.23,32.08,122.0
04/2022,37.37,34.23,32.08,122.0
04/2022,37.37,34.23,32.08,122.0
04/2022,37.37,34.23,32.08,122.0
04/2022,37.66,34.65,32.65,122.0
04/2022,37.66,34.65,32.65,122.0
04/2022,37.66,34.65,32.65,122.0
04/2022,37.66,34.65,32.65,122.0
04/2022,37.66,34.65,32.65,122.0
04/2022,37.66,34.65,32.65,122.0
04/2022,38.42,35.38,34.81,122.0
04/2022,38.42,35.38,34.81,122.0
04/2022,38.42,35.38,34.81,122.0
04/2022,38.42,35.38,34.81,122.0
04/2022,38.42,35.38,34.81,122.0
05/2022,38.42,35.38,34.81,122.0
05/2022,38.42,35.38,34.81,122.0
05/2022,38.42,35.38,34.81,122.0
05/2022,39.26,36.16,37.65,122.0
05/2022,39.26,36.16,37.65,122.0
05/2022,39.26,36.16,37.65,122.0
05/2022,39.26,36.16,37.65,122.0
05/2022,39.26,36.16,37.65,122.0
05/2022,39.26,36.16,37.65,122.0
05/2022,41.65,38.55,38.42,122.0
05/2022,41.65,38.55,38.42,122.0
05/2022,41.65,38.55,38.42,122.0
05/2022,41.65,38.55,38.42,122.0
05/2022,41.65,38.55,38.42,122.0
05/2022,41.65,38.55,38.42,122.0
05/2022,41.65,38.55,38.42,122.0
05/2022,43.24,40.13,35.32,122.0
05/2022,43.24,40.13,35.32,122.0
05/2022,43.24,40.13,35.32,122.0
05/2022,43.24,40.13,35.32,122.0
05/2022,43.24,40.13,35.32,122.0
05/2022,43.24,40.13,35.32,122.0
05/2022,43.24,40.13,35.32,122.0
05/2022,42.98,39.87,32.26,122.0
05/2022,42.98,39.87,32.26,122.0
05/2022,42.98,39.87,32.26,122.0
05/2022,42.98,39.87,32.26,122.0
05/2022,42.98,39.87,32.26,122.0
05/2022,42.98,39.87,32.26,122.0
05/2022,42.98,39.87,32.26,122.0
05/2022,39.14,37.92,30.5,122.0
06/2022,39.14,37.92,30.5,122.0
06/2022,39.14,37.92,30.5,122.0
06/2022,39.14,37.92,30.5,122.0
06/2022,39.14,37.92,30.5,122.0
06/2022,39.14,37.92,30.5,122.0
06/2022,39.14,37.92,30.5,122.0
06/2022,39.71,38.71,32.87,122.0
06/2022,39.71,38.71,32.87,122.0
06/2022,39.71,38.71,32.87,122.0
06/2022,39.71,38.71,32.87,122.0
06/2022,39.71,38.71,32.87,122.0
06/2022,39.71,38.71,32.87,122.0
06/2022,39.71,38.71,32.87,122.0
06/2022,41.51,40.5,35.44,122.0
06/2022,41.51,40.5,35.44,122.0
06/2022,41.51,40.5,35.44,122.0
06/2022,41.51,40.5,35.44,122.0
06/2022,41.51,40.5,35.44,122.0
06/2022,41.51,40.5,35.44,122.0
06/2022,41.51,40.5,35.44,122.0
06/2022,40.63,39.62,36.89,122.0
06/2022,40.63,39.62,36.89,122.0
06/2022,40.63,39.62,36.89,122.0
06/2022,40.63,39.62,36.89,122.0
06/2022,40.63,39.62,36.89,122.0
06/2022,40.63,39.62,36.89,122.0
06/2022,40.63,39.62,36.89,122.0
06/2022,39.43,38.43,36.4,122.0
06/2022,39.43,38.43,36.4,122.0
06/2022,39.43,38.43,36.4,122.0
07/2022,39.43,38.43,36.4,122.0
07/2022,39.43,38.43,36.4,122.0
07/2022,39.43,38.43,36.4,122.0
07/2022,39.43,38.43,36.4,122.0
07/2022,39.17,38.17,33.88,122.0
07/2022,39.17,38.17,33.88,122.0
07/2022,39.17,38.17,33.88,122.0
07/2022,39.17,38.17,33.88,122.0
07/2022,39.17,38.17,33.88,122.0
07/2022,39.17,38.17,33.88,122.0
07/2022,39.17,38.17,33.88,122.0
07/2022,36.56,35.58,31.3,122.0
07/2022,36.56,35.58,31.3,122.0
07/2022,36.56,35.58,31.3,122.0
07/2022,36.56,35.58,31.3,122.0
07/2022,36.56,35.58,31.3,122.0
07/2022,36.56,35.58,31.3,122.0
07/2022,36.56,35.58,31.3,122.0
07/2022,33.66,32.75,31.01,122.0
07/2022,33.66,32.75,31.01,122.0
07/2022,33.66,32.75,31.01,122.0
07/2022,33.66,32.75,31.01,122.0
07/2022,33.66,32.75,31.01,122.0
07/2022,33.66,32.75,31.01,122.0
07/2022,33.66,32.75,31.01,122.0
07/2022,32.69,31.76,29.9,122.0
07/2022,32.69,31.76,29.9,122.0
07/2022,32.69,31.76,29.9,122.0
07/2022,32.69,31.76,29.9,122.0
07/2022,32.69,31.76,29.9,122.0
07/2022,32.69,31.76,29.9,122.0
08/2022,32.69,31.76,29.9,122.0
08/2022,32.37,31.47,29.37,122.0
08/2022,32.37,31.47,29.37,122.0
08/2022,32.37,31.47,29.37,122.0
08/2022,32.37,31.47,29.37,122.0
08/2022,32.37,31.47,29.37,122.0
08/2022,32.37,31.47,29.37,122.0
08/2022,32.37,31.47,29.37,122.0
08/2022,35.64,34.75,33.98,122.0
08/2022,35.64,34.75,33.98,122.0
08/2022,35.64,34.75,33.98,122.0
08/2022,35.64,34.75,33.98,122.0
08/2022,35.64,34.75,33.98,122.0
08/2022,35.64,34.75,33.98,122.0
08/2022,35.64,34.75,33.98,122.0
08/2022,36.32,35.39,35.1,122.0
08/2022,36.32,35.39,35.1,122.0
08/2022,36.32,35.39,35.1,122.0
08/2022,36.32,35.39,35.1,122.0
08/2022,36.32,35.39,35.1,122.0
08/2022,36.32,35.39,35.1,122.0
08/2022,36.32,35.39,35.1,122.0
08/2022,35.65,34.72,35.8,122.0
08/2022,35.65,34.72,35.8,122.0
08/2022,35.65,34.72,35.8,122.0
08/2022,35.65,34.72,35.8,122.0
08/2022,35.65,34.72,35.8,122.0
08/2022,35.65,34.72,35.8,122.0
08/2022,35.65,34.72,35.8,122.0
08/2022,35.55,34.62,35.19,122.0
08/2022,35.55,34.62,35.19,122.0
09/2022,35.55,34.62,35.19,142.0
09/2022,35.55,34.62,35.19,142.0
09/2022,35.55,34.62,35.19,142.0
09/2022,35.55,34.62,35.19,142.0
09/2022,34.49,33.58,32.24,142.0
09/2022,34.49,33.58,32.24,142.0
09/2022,34.49,33.58,32.24,142.0
09/2022,34.49,33.58,32.24,142.0
09/2022,34.49,33.58,32.24,142.0
09/2022,34.49,33.58,32.24,142.0
09/2022,34.49,33.58,32.24,142.0
09/2022,34.16,33.24,31.41,142.0
09/2022,34.16,33.24,31.41,142.0
09/2022,34.16,33.24,31.41,142.0
09/2022,34.16,33.24,31.41,142.0
09/2022,34.16,33.24,31.41,142.0
09/2022,34.16,33.24,31.41,142.0
09/2022,34.16,33.24,31.41,142.0
09/2022,34.12,33.22,30.0,142.0
09/2022,34.12,33.22,30.0,142.0
09/2022,34.12,33.22,30.0,142.0
09/2022,34.12,33.22,30.0,142.0
09/2022,34.12,33.22,30.0,142.0
09/2022,34.12,33.22,30.0,142.0
09/2022,34.12,33.22,30.0,142.0
09/2022,34.18,33.28,29.16,142.0
09/2022,34.18,33.28,29.16,142.0
09/2022,34.18,33.28,29.16,142.0
09/2022,34.18,33.28,29.16,142.0
09/2022,34.18,33.28,29.16,142.0
10/2022,34.18,33.28,29.16,122.0
10/2022,34.18,33.28,29.16,122.0
10/2022,34.16,33.27,32.33,122.0
10/2022,34.16,33.27,32.33,122.0
10/2022,34.16,33.27,32.33,122.0
10/2022,35.19,34.29,35.89,122.0
10/2022,35.19,34.29,35.89,122.0
10/2022,35.19,34.29,35.89,122.0
10/2022,35.19,34.29,35.89,122.0
10/2022,36.92,35.99,38.46,122.0
10/2022,36.92,35.99,38.46,122.0
10/2022,36.92,35.99,38.46,122.0
10/2022,36.92,35.99,38.46,122.0
10/2022,36.92,35.99,38.46,122.0
10/2022,36.92,35.99,38.46,122.0
10/2022,36.92,35.99,38.46,122.0
10/2022,37.14,36.23,41.27,122.0
10/2022,37.14,36.23,41.27,122.0
10/2022,37.14,36.23,41.27,122.0
10/2022,37.14,36.23,41.27,122.0
10/2022,37.14,36.23,41.27,122.0
10/2022,37.14,36.23,41.27,122.0
10/2022,37.14,36.23,41.27,122.0
10/2022,37.17,36.27,41.25,122.0
10/2022,37.17,36.27,41.25,122.0
10/2022,37.17,36.27,41.25,122.0
10/2022,37.17,36.27,41.25,122.0
10/2022,37.17,36.27,41.25,122.0
10/2022,37.17,36.27,41.25,122.0
10/2022,37.17,36.27,41.25,122.0
10/2022,37.17,36.27,41.25,122.0
11/2022,37.17,36.27,41.25,122.0
11/2022,36.75,35.57,39.9,122.0
11/2022,36.75,35.57,39.9,122.0
11/2022,36.75,35.57,39.9,122.0
11/2022,36.75,35.57,39.9,122.0
11/2022,36.75,35.57,39.9,122.0
11/2022,36.7,35.5,39.82,122.0
11/2022,36.7,35.5,39.82,122.0
11/2022,36.7,35.5,39.82,122.0
11/2022,36.7,35.5,39.82,122.0
11/2022,36.7,35.5,39.82,122.0
11/2022,36.7,35.5,39.82,122.0
11/2022,36.7,35.5,39.82,122.0
11/2022,37.37,35.87,40.59,122.0
11/2022,37.37,35.87,40.59,122.0
11/2022,37.37,35.87,40.59,122.0
11/2022,37.37,35.87,40.59,122.0
11/2022,37.37,35.87,40.59,122.0
11/2022,37.37,35.87,40.59,122.0
11/2022,37.37,35.87,40.59,122.0
11/2022,36.14,34.54,38.17,122.0
11/2022,36.14,34.54,38.17,122.0
11/2022,36.14,34.54,38.17,122.0
11/2022,36.14,34.54,38.17,122.0
11/2022,36.14,34.54,38.17,122.0
11/2022,36.14,34.54,38.17,122.0
11/2022,36.14,34.54,38.17,122.0
11/2022,34.94,33.32,35.96,122.0
11/2022,34.94,33.32,35.96,122.0
11/2022,34.94,33.32,35.96,122.0
12/2022,34.94,33.32,35.96,122.0
12/2022,34.94,33.32,35.96,122.0
12/2022,34.94,33.32,35.96,122.0
12/2022,34.94,33.32,35.96,122.0
12/2022,34.5,32.9,35.58,122.0
12/2022,34.5,32.9,35.58,122.0
12/2022,34.5,32.9,35.58,122.0
12/2022,34.5,32.9,35.58,122.0
12/2022,34.5,32.9,35.58,122.0
12/2022,34.5,32.9,35.58,122.0
12/2022,34.5,32.9,35.58,122.0
12/2022,33.98,32.39,34.8,122.0
12/2022,33.98,32.39,34.8,122.0
12/2022,33.98,32.39,34.8,122.0
12/2022,33.98,32.39,34.8,122.0
12/2022,33.98,32.39,34.8,122.0
12/2022,33.98,32.39,34.8,122.0
12/2022,33.98,32.39,34.8,122.0
12/2022,33.48,31.96,33.95,122.0
12/2022,33.48,31.96,33.95,122.0
12/2022,33.48,31.96,33.95,122.0
12/2022,33.48,31.96,33.95,122.0
12/2022,33.48,31.96,33.95,122.0
12/2022,33.48,31.96,33.95,122.0
12/2022,33.48,31.96,33.95,122.0
12/2022,33.48,31.96,33.95,122.0
12/2022,32.55,30.99,33.75,122.0
12/2022,32.55,30.99,33.75,122.0
12/2022,32.55,30.99,33.75,122.0
12/2022,32.55,30.99,33.75,122.0
12/2022,32.55,30.99,33.75,122.0
01/2023,32.55,30.99,33.75,122.0
01/2023,32.55,30.99,33.75,122.0
01/2023,32.56,31.42,35.31,122.0
01/2023,32.56,31.42,35.31,122.0
01/2023,32.56,31.42,35.31,122.0
01/2023,32.56,31.42,35.31,122.0
01/2023,32.56,31.42,35.31,122.0
01/2023,32.56,31.42,35.31,122.0
01/2023,33.0,31.6,35.98,122.0
01/2023,33.0,31.6,35.98,122.0
01/2023,33.0,31.6,35.98,122.0
01/2023,33.0,31.6,35.98,122.0
01/2023,33.0,31.6,35.98,122.0
01/2023,33.0,31.6,35.98,122.0
01/2023,33.0,31.6,35.98,122.0
01/2023,33.96,32.58,35.96,122.0
01/2023,33.96,32.58,35.96,122.0
01/2023,33.96,32.58,35.96,122.0
01/2023,33.96,32.58,35.96,122.0
01/2023,33.96,32.58,35.96,122.0
01/2023,33.96,32.58,35.96,122.0
01/2023,33.96,32.58,35.96,122.0
01/2023,35.02,33.63,35.54,122.0
01/2023,35.02,33.63,35.54,122.0
01/2023,35.02,33.63,35.54,122.0
01/2023,35.02,33.63,35.54,122.0
01/2023,35.02,33.63,35.54,122.0
01/2023,35.02,33.63,35.54,122.0
01/2023,35.02,33.63,35.54,122.0
01/2023,35.66,34.26,36.18,122.0
01/2023,35.66,34.26,36.18,122.0
02/2023,35.66,34.26,36.18,135.0
02/2023,35.66,34.26,36.18,135.0
02/2023,35.66,34.26,36.18,135.0
02/2023,35.66,34.26,36.18,135.0
02/2023,35.66,34.26,36.18,135.0
02/2023,34.94,33.49,35.29,135.0
02/2023,34.94,33.49,35.29,135.0
02/2023,34.94,33.49,35.29,135.0
02/2023,34.94,33.49,35.29,135.0
02/2023,34.94,33.49,35.29,135.0
02/2023,34.94,33.49,35.29,135.0
02/2023,34.94,33.49,35.29,135.0
02/2023,34.23,32.74,33.54,135.0
02/2023,34.23,32.74,33.54,135.0
02/2023,34.23,32.74,33.54,135.0
02/2023,34.23,32.74,33.54,135.0
02/2023,34.23,32.74,33.54,135.0
02/2023,34.23,32.74,33.54,135.0
02/2023,34.23,32.74,33.54,135.0
02/2023,33.74,32.24,32.14,135.0
02/2023,33.74,32.24,32.14,135.0
02/2023,33.74,32.24,32.14,135.0
02/2023,33.74,32.24,32.14,135.0
02/2023,33.74,32.24,32.14,135.0
02/2023,33.74,32.24,32.14,135.0
02/2023,33.74,32.24,32.14,135.0
02/2023,33.33,31.84,31.11,135.0
02/2023,33.33,31.84,31.11,135.0
03/2023,33.33,31.84,31.11,135.0
03/2023,33.33,31.84,31.11,135.0
03/2023,33.33,31.84,31.11,135.0
03/2023,33.33,31.84,31.11,135.0
03/2023,33.33,31.84,31.11,135.0
03/2023,33.3,31.8,31.0,135.0
03/2023,33.3,31.8,31.0,135.0
03/2023,33.3,31.8,31.0,135.0
03/2023,33.3,31.8,31.0,135.0
03/2023,33.3,31.8,31.0,135.0
03/2023,33.3,31.8,31.0,135.0
03/2023,33.3,31.8,31.0,135.0
03/2023,33.77,32.18,31.01,135.0
03/2023,33.77,32.18,31.01,135.0
03/2023,33.77,32.18,31.01,135.0
03/2023,33.77,32.18,31.01,115.0
03/2023,33.77,32.18,31.01,115.0
03/2023,33.77,32.18,31.01,115.0
03/2023,33.77,32.18,31.01,115.0
03/2023,33.04,31.45,30.63,115.0
03/2023,33.04,31.45,30.63,115.0
03/2023,33.04,31.45,30.63,115.0
03/2023,33.04,31.45,30.63,115.0
03/2023,33.04,31.45,30.63,115.0
03/2023,33.04,31.45,30.63,115.0
03/2023,33.04,31.45,30.63,115.0
03/2023,33.49,31.88,30.01,115.0
03/2023,33.49,31.88,30.01,115.0
03/2023,33.49,31.88,30.01,115.0
03/2023,33.49,31.88,30.01,115.0
03/2023,33.49,31.88,30.01,115.0
04/2023,33.49,31.88,30.01,115.0
04/2023,33.49,31.88,30.01,115.0
04/2023,34.46,32.86,30.02,115.0
04/2023,34.46,32.86,30.02,115.0
04/2023,34.46,32.86,30.02,115.0
04/2023,34.46,32.86,30.02,115.0
04/2023,34.46,32.86,30.02,115.0
04/2023,34.46,32.86,30.02,115.0
04/2023,34.46,32.86,30.02,115.0
04/2023,34.99,33.4,30.0,115.0
04/2023,34.99,33.4,30.0,115.0
04/2023,34.99,33.4,30.0,115.0
04/2023,34.99,33.4,30.0,115.0
04/2023,34.99,33.4,30.0,115.0
04/2023,34.99,33.4,30.0,115.0
04/2023,34.99,33.4,30.0,115.0
04/2023,35.98,34.36,29.78,115.0
04/2023,35.98,34.36,29.78,115.0
04/2023,35.98,34.36,29.78,115.0
04/2023,35.98,34.36,29.78,115.0
04/2023,35.98,34.36,29.78,115.0
04/2023,35.98,34.36,29.78,115.0
04/2023,35.98,34.36,29.78,115.0
04/2023,35.91,34.31,29.32,115.0
04/2023,35.91,34.31,29.32,115.0
04/2023,35.91,34.31,29.32,115.0
04/2023,35.91,34.31,29.32,115.0
04/2023,35.91,34.31,29.32,115.0
04/2023,35.91,34.31,29.32,115.0
04/2023,35.91,34.31,29.32,115.0
05/2023,35.91,34.31,29.32,115.0
05/2023,35.08,33.46,28.43,115.0
05/2023,35.08,33.46,28.43,115.0
05/2023,35.08,33.46,28.43,115.0
05/2023,35.08,33.46,28.43,115.0
05/2023,35.08,33.46,28.43,115.0
05/2023,35.08,33.46,28.43,115.0
05/2023,34.31,32.8,27.68,115.0
05/2023,34.31,32.8,27.68,115.0
05/2023,34.31,32.8,27.68,115.0
05/2023,34.31,32.8,27.68,115.0
05/2023,34.31,32.8,27.68,115.0
05/2023,34.31,32.8,27.68,115.0
05/2023,34.31,32.8,27.68,115.0
05/2023,33.49,31.98,27.02,115.0
05/2023,33.49,31.98,27.02,115.0
05/2023,33.49,31.98,27.02,115.0
05/2023,33.49,31.98,27.02,115.0
05/2023,33.49,31.98,27.02,115.0
05/2023,33.49,31.98,27.02,115.0
05/2023,33.49,31.98,27.02,115.0
05/2023,33.35,31.97,27.01,115.0
05/2023,33.35,31.97,27.01,115.0
05/2023,33.35,31.97,27.01,115.0
05/2023,33.35,31.97,27.01,115.0
05/2023,33.35,31.97,27.01,115.0
05/2023,33.35,31.97,27.01,115.0
05/2023,33.35,31.97,27.01,115.0
05/2023,33.3,31.99,27.0,115.0
05/2023,33.3,31.99,27.0,115.0
05/2023,33.3,31.99,27.0,115.0
06/2023,33.3,31.99,27.0,115.0
06/2023,33.3,31.99,27.0,115.0
06/2023,33.3,31.99,27.0,115.0
06/2023,33.3,31.99,27.0,115.0
06/2023,33.3,31.97,26.56,115.0
06/2023,33.3,31.97,26.56,115.0
06/2023,33.3,31.97,26.56,115.0
06/2023,33.3,31.97,26.56,115.0
06/2023,33.3,31.97,26.56,115.0
06/2023,33.3,31.97,26.56,115.0
06/2023,33.3,31.97,26.56,115.0
06/2023,33.1,31.78,26.3,115.0
06/2023,33.1,31.78,26.3,115.0
06/2023,33.1,31.78,26.3,115.0
06/2023,33.1,31.78,26.3,115.0
06/2023,33.1,31.78,26.3,135.0
06/2023,33.1,31.78,26.3,135.0
06/2023,33.1,31.78,26.3,135.0
06/2023,33.08,31.79,26.25,135.0
06/2023,33.08,31.79,26.25,135.0
06/2023,33.08,31.79,26.25,135.0
06/2023,33.08,31.79,26.25,135.0
06/2023,33.08,31.79,26.25,135.0
06/2023,33.08,31.79,26.25,135.0
06/2023,33.08,31.79,26.25,135.0
06/2023,33.08,31.79,26.25,135.0
06/2023,34.16,32.66,27.0,135.0
06/2023,34.16,32.66,27.0,135.0
06/2023,34.16,32.66,27.0,135.0
06/2023,34.16,32.66,27.0,135.0
07/2023,34.16,32.66,27.0,135.0
07/2023,34.16,32.66,27.0,135.0
07/2023,34.16,32.66,27.0,135.0
07/2023,33.52,32.01,26.97,135.0
07/2023,33.52,32.01,26.97,135.0
07/2023,33.52,32.01,26.97,135.0
07/2023,33.52,32.01,26.97,135.0
07/2023,33.52,32.01,26.97,135.0
07/2023,33.52,32.01,26.97,135.0
07/2023,33.51,32.01,26.96,135.0
07/2023,33.51,32.01,26.96,135.0
07/2023,33.51,32.01,26.96,135.0
07/2023,33.51,32.01,26.96,135.0
07/2023,33.51,32.01,26.96,135.0
07/2023,33.51,32.01,26.96,135.0
07/2023,33.51,32.01,26.96,135.0
07/2023,33.78,32.28,27.47,135.0
07/2023,33.78,32.28,27.47,135.0
07/2023,33.78,32.28,27.47,135.0
07/2023,33.78,32.28,27.47,135.0
07/2023,33.78,32.28,27.47,135.0
07/2023,33.78,32.28,27.47,135.0
07/2023,33.78,32.28,27.47,135.0
07/2023,34.78,33.28,28.47,135.0
07/2023,34.78,33.28,28.47,135.0
07/2023,34.78,33.28,28.47,135.0
07/2023,34.78,33.28,28.47,135.0
07/2023,34.78,33.28,28.47,135.0
07/2023,34.78,33.28,28.47,135.0
07/2023,34.78,33.28,28.47,135.0
07/2023,36.28,34.77,29.68,135.0
08/2023,36.28,34.77,29.68,135.0
08/2023,36.28,34.77,29.68,135.0
08/2023,36.28,34.77,29.68,135.0
08/2023,36.28,34.77,29.68,135.0
08/2023,36.28,34.77,29.68,135.0
08/2023,36.28,34.77,29.68,135.0
08/2023,37.47,35.97,30.97,135.0
08/2023,37.47,35.97,30.97,135.0
08/2023,37.47,35.97,30.97,135.0
08/2023,37.47,35.97,30.97,135.0
08/2023,37.47,35.97,30.97,135.0
08/2023,37.47,35.97,30.97,135.0
08/2023,37.47,35.97,30.97,135.0
08/2023,37.47,35.97,31.89,135.0
08/2023,37.47,35.97,31.89,135.0
08/2023,37.47,35.97,31.89,135.0
08/2023,37.47,35.97,31.89,135.0
08/2023,37.47,35.97,31.89,135.0
08/2023,37.47,35.97,31.89,135.0
08/2023,37.47,35.97,31.89,135.0
08/2023,37.47,35.97,31.89,135.0
08/2023,37.16,35.66,31.65,135.0
08/2023,37.16,35.66,31.65,135.0
08/2023,37.16,35.66,31.65,135.0
08/2023,37.16,35.66,31.65,135.0
08/2023,37.16,35.66,31.65,135.0
08/2023,37.16,35.66,31.65,135.0
08/2023,37.26,35.76,32.9,135.0
08/2023,37.26,35.76,32.9,135.0
08/2023,37.26,35.76,32.9,135.0
08/2023,37.26,35.76,32.9,135.0
09/2023,37.26,35.76,32.9,135.0
09/2023,37.26,35.76,32.9,135.0
09/2023,37.26,35.76,32.9,135.0
09/2023,37.28,35.77,32.82,135.0
09/2023,37.28,35.77,32.82,135.0
09/2023,37.28,35.77,32.82,135.0
09/2023,37.28,35.77,32.82,135.0
09/2023,37.28,35.77,32.82,135.0
09/2023,37.28,35.77,32.82,135.0
09/2023,37.28,35.77,32.82,135.0
09/2023,36.91,35.42,32.52,135.0
09/2023,36.91,35.42,32.52,135.0
09/2023,36.91,35.42,32.52,135.0
09/2023,36.91,35.42,32.52,135.0
09/2023,36.91,35.42,32.52,135.0
09/2023,36.91,35.42,32.52,135.0
09/2023,36.91,35.42,32.52,135.0
09/2023,36.88,35.4,33.91,135.0
09/2023,36.88,35.4,33.91,135.0
09/2023,36.88,35.4,33.91,135.0
09/2023,36.88,35.4,33.91,135.0
09/2023,36.88,35.4,33.91,135.0
09/2023,36.88,35.4,33.91,135.0
09/2023,36.88,35.4,33.91,135.0
09/2023,37.31,35.82,34.6,135.0
09/2023,37.31,35.82,34.6,135.0
09/2023,37.31,35.82,34.6,135.0
09/2023,37.31,35.82,34.6,135.0
09/2023,37.31,35.82,34.6,135.0
09/2023,37.31,35.82,34.6,135.0
10/2023,37.31,35.82,34.6,135.0
10/2023,36.62,35.12,34.42,135.0
10/2023,36.62,35.12,34.42,135.0
10/2023,36.62,35.12,34.42,135.0
10/2023,36.62,35.12,34.42,135.0
10/2023,36.62,35.12,34.42,135.0
10/2023,36.62,35.12,34.42,135.0
10/2023,36.62,35.12,34.42,135.0
10/2023,35.66,34.16,33.96,135.0
10/2023,35.66,34.16,33.96,135.0
10/2023,35.66,34.16,33.96,135.0
10/2023,35.66,34.16,33.96,135.0
10/2023,35.66,34.16,33.96,135.0
10/2023,35.66,34.16,33.96,135.0
10/2023,35.66,34.16,33.96,135.0
10/2023,35.75,34.25,33.99,135.0
10/2023,35.75,34.25,33.99,135.0
10/2023,35.75,34.25,33.99,135.0
10/2023,35.75,34.25,33.99,135.0
10/2023,35.75,34.25,33.99,135.0
10/2023,35.75,34.25,33.99,135.0
10/2023,35.75,34.25,33.99,135.0
10/2023,35.33,33.83,33.41,135.0
10/2023,35.33,33.83,33.41,135.0
10/2023,35.33,33.83,33.41,135.0
10/2023,35.33,33.83,33.41,135.0
10/2023,35.33,33.83,33.41,135.0
10/2023,35.33,33.83,33.41,135.0
10/2023,35.33,33.83,33.41,135.0
10/2023,34.52,32.99,32.8,135.0
10/2023,34.52,32.99,32.8,135.0
11/2023,34.52,32.99,32.8,135.0
11/2023,34.52,32.99,32.8,135.0
11/2023,34.52,32.99,32.8,135.0
11/2023,34.52,32.99,32.8,135.0
11/2023,34.52,32.99,32.8,135.0
11/2023,32.79,31.28,32.31,135.0
11/2023,32.79,31.28,32.31,135.0
11/2023,32.79,31.28,32.31,135.0
11/2023,32.79,31.28,32.31,135.0
11/2023,32.79,31.28,32.31,135.0
11/2023,32.79,31.28,32.31,135.0
11/2023,32.79,31.28,32.31,135.0
11/2023,31.34,29.85,31.61,135.0
11/2023,31.34,29.85,31.61,135.0
11/2023,31.34,29.85,31.61,135.0
11/2023,31.34,29.85,31.61,135.0
11/2023,31.34,29.85,31.61,135.0
11/2023,31.34,29.85,31.61,135.0
11/2023,31.34,29.85,31.61,135.0
11/2023,29.99,28.52,30.58,135.0
11/2023,29.99,28.52,30.58,135.0
11/2023,29.99,28.52,30.58,135.0
11/2023,29.99,28.52,30.58,135.0
11/2023,29.99,28.52,30.58,135.0
11/2023,29.99,28.52,30.58,135.0
11/2023,29.99,28.52,30.58,135.0
11/2023,29.98,28.49,29.97,135.0
11/2023,29.98,28.49,29.97,135.0
11/2023,29.98,28.49,29.97,135.0
11/2023,29.98,28.49,29.97,135.0
12/2023,29.98,28.49,29.97,135.0
12/2023,29.98,28.49,29.97,135.0
12/2023,29.98,28.49,29.97,135.0
12/2023,29.98,28.49,29.97,135.0
12/2023,29.98,28.49,29.97,135.0
12/2023,29.98,28.49,29.97,135.0
12/2023,29.98,28.49,29.97,135.0
12/2023,29.98,28.49,29.97,135.0
12/2023,29.98,28.49,29.97,135.0
12/2023,29.98,28.49,29.97,135.0
12/2023,29.13,27.65,29.11,135.0
12/2023,29.13,27.65,29.11,135.0
12/2023,29.13,27.65,29.11,135.0
12/2023,29.13,27.65,29.11,135.0
12/2023,29.13,27.65,29.11,135.0
12/2023,29.13,27.65,29.11,135.0
12/2023,29.13,27.65,29.11,135.0
12/2023,28.65,27.15,28.62,115.0
12/2023,28.65,27.15,28.62,115.0
12/2023,28.65,27.15,28.62,115.0
12/2023,28.65,27.15,28.62,115.0
12/2023,28.65,27.15,28.62,115.0
12/2023,28.65,27.15,28.62,115.0
12/2023,28.65,27.15,28.62,115.0
12/2023,28.65,27.15,28.62,115.0
12/2023,28.65,27.15,28.62,115.0
12/2023,30.44,28.95,29.47,115.0
12/2023,30.44,28.95,29.47,115.0
12/2023,30.44,28.95,29.47,115.0
12/2023,30.44,28.95,29.47,115.0
12/2023,30.44,28.95,29.47,115.0
01/2024,30.44,28.95,29.47,115.0
01/2024,30.44,28.95,29.47,115.0
01/2024,30.47,28.97,29.48,115.0
01/2024,30.47,28.97,29.48,115.0
01/2024,30.47,28.97,29.48,115.0
01/2024,30.47,28.97,29.48,115.0
01/2024,30.47,28.97,29.48,115.0
01/2024,30.47,28.97,29.48,115.0
01/2024,30.47,28.97,29.48,115.0
01/2024,30.47,28.97,29.48,115.0
01/2024,30.47,28.97,29.48,115.0
01/2024,30.47,28.97,29.48,115.0
01/2024,30.47,28.97,29.48,115.0
01/2024,30.47,28.97,29.48,115.0
01/2024,30.29,28.79,28.55,115.0
01/2024,30.29,28.79,28.55,115.0
01/2024,30.29,28.79,28.55,115.0
01/2024,30.29,28.79,28.55,115.0
01/2024,30.29,28.79,28.55,115.0
01/2024,30.29,28.79,28.55,115.0
01/2024,30.29,28.79,28.55,115.0
01/2024,30.9,29.39,29.11,115.0
01/2024,30.9,29.39,29.11,115.0
01/2024,30.9,29.39,29.11,115.0
01/2024,30.9,29.39,29.11,115.0
01/2024,30.9,29.39,29.11,115.0
01/2024,30.9,29.39,29.11,115.0
01/2024,30.9,29.39,29.11,115.0
01/2024,30.97,29.48,29.19,115.0
01/2024,30.97,29.48,29.19,115.0
01/2024,30.97,29.48,29.19,115.0
02/2024,30.97,29.48,29.19,115.0
02/2024,30.97,29.48,29.19,115.0
02/2024,30.97,29.48,29.19,115.0
02/2024,30.97,29.48,29.19,115.0
02/2024,31.46,29.96,30.44,115.0
02/2024,31.46,29.96,30.44,115.0
02/2024,31.46,29.96,30.44,115.0
02/2024,31.46,29.96,30.44,115.0
02/2024,31.46,29.96,30.44,115.0
02/2024,31.46,29.96,30.44,115.0
02/2024,31.46,29.96,30.44,115.0
02/2024,31.47,29.97,30.47,115.0
02/2024,31.47,29.97,30.47,115.0
02/2024,31.47,29.97,30.47,115.0
02/2024,31.47,29.97,30.47,115.0
02/2024,31.47,29.97,30.47,115.0
02/2024,31.47,29.97,30.47,115.0
02/2024,31.47,29.97,30.47,115.0
02/2024,31.97,30.48,30.98,115.0
02/2024,31.97,30.48,30.98,115.0
02/2024,31.97,30.48,30.98,115.0
02/2024,31.97,30.48,30.98,115.0
02/2024,31.97,30.48,30.98,115.0
02/2024,31.97,30.48,30.98,115.0
02/2024,31.97,30.48,30.98,115.0
02/2024,32.45,30.95,30.97,115.0
02/2024,32.45,30.95,30.97,115.0
02/2024,32.45,30.95,30.97,115.0
02/2024,32.45,30.95,30.97,115.0
03/2024,32.45,30.95,30.97,115.0
03/2024,32.45,30.95,30.97,115.0
03/2024,32.45,30.95,30.97,115.0
03/2024,32.89,31.4,30.7,115.0
03/2024,32.89,31.4,30.7,115.0
03/2024,32.89,31.4,30.7,115.0
03/2024,32.89,31.4,30.7,115.0
03/2024,32.89,31.4,30.7,115.0
03/2024,32.89,31.4,30.7,115.0
03/2024,32.89,31.4,30.7,115.0
03/2024,33.42,31.92,30.15,115.0
03/2024,33.42,31.92,30.15,115.0
03/2024,33.42,31.92,30.15,115.0
03/2024,33.42,31.92,30.15,115.0
03/2024,33.42,31.92,30.15,115.0
03/2024,33.42,31.92,30.15,115.0
03/2024,33.42,31.92,30.15,115.0
03/2024,34.46,32.96,29.56,115.0
03/2024,34.46,32.96,29.56,115.0
03/2024,34.46,32.96,29.56,115.0
03/2024,34.46,32.96,29.56,115.0
03/2024,34.46,32.96,29.56,115.0
03/2024,34.46,32.96,29.56,115.0
03/2024,34.46,32.96,29.56,115.0
03/2024,34.95,33.4,29.48,115.0
03/2024,34.95,33.4,29.48,115.0
03/2024,34.95,33.4,29.48,115.0
03/2024,34.95,33.4,29.48,115.0
03/2024,34.95,33.4,29.48,115.0
03/2024,34.95,33.4,29.48,115.0
03/2024,34.95,33.4,29.48,115.0
04/2024,34.98,33.48,29.48,115.0
04/2024,34.98,33.48,29.48,115.0
04/2024,34.98,33.48,29.48,115.0
04/2024,34.98,33.48,29.48,115.0
04/2024,34.98,33.48,29.48,115.0
04/2024,34.98,33.48,29.48,115.0
04/2024,34.98,33.48,29.48,115.0
04/2024,35.64,34.14,30.21,115.0
04/2024,35.64,34.14,30.21,115.0
04/2024,35.64,34.14,30.21,115.0
04/2024,35.64,34.14,30.21,115.0
04/2024,35.64,34.14,30.21,115.0
04/2024,35.64,34.14,30.21,115.0
04/2024,35.64,34.14,30.21,115.0
04/2024,35.68,34.18,30.17,115.0
04/2024,35.68,34.18,30.17,115.0
04/2024,35.68,34.18,30.17,115.0
04/2024,35.68,34.18,30.17,115.0
04/2024,35.68,34.18,30.17,115.0
04/2024,35.68,34.18,30.17,115.0
04/2024,35.68,34.18,30.17,115.0
04/2024,35.17,33.67,29.81,115.0
04/2024,35.17,33.67,29.81,115.0
04/2024,35.17,33.67,29.81,115.0
04/2024,35.17,33.67,29.81,115.0
04/2024,35.17,33.67,29.81,115.0
04/2024,35.17,33.67,29.81,115.0
04/2024,35.17,33.67,29.81,115.0
04/2024,34.51,33.06,29.24,115.0
04/2024,34.51,33.06,29.24,115.0
05/2024,34.51,33.06,29.24,115.0
05/2024,34.51,33.06,29.24,115.0
05/2024,34.51,33.06,29.24,115.0
05/2024,34.51,33.06,29.24,115.0
05/2024,34.51,33.06,29.24,115.0
05/2024,34.17,32.67,28.86,115.0
05/2024,34.17,32.67,28.86,115.0
05/2024,34.17,32.67,28.86,115.0
05/2024,34.17,32.67,28.86,115.0
05/2024,34.17,32.67,28.86,115.0
05/2024,34.17,32.67,28.86,115.0
05/2024,34.17,32.67,28.86,115.0
05/2024,33.61,32.11,28.3,115.0
05/2024,33.61,32.11,28.3,115.0
05/2024,33.61,32.11,28.3,115.0
05/2024,33.61,32.11,28.3,115.0
05/2024,33.61,32.11,28.3,115.0
05/2024,33.61,32.11,28.3,115.0
05/2024,33.61,32.11,28.3,115.0
05/2024,33.01,31.51,27.88,115.0
05/2024,33.01,31.51,27.88,115.0
05/2024,33.01,31.51,27.88,115.0
05/2024,33.01,31.51,27.88,115.0
05/2024,33.01,31.51,27.88,115.0
05/2024,33.01,31.51,27.88,115.0
05/2024,33.01,31.51,27.88,115.0
05/2024,32.88,31.37,27.63,115.0
05/2024,32.88,31.37,27.63,115.0
05/2024,32.88,31.37,27.63,115.0
05/2024,32.88,31.37,27.63,115.0
05/2024,32.88,31.37,27.63,115.0
06/2024,32.88,31.37,27.63,115.0
06/2024,32.88,31.37,27.63,115.0
06/2024,32.51,31.01,27.31,115.0
06/2024,32.51,31.01,27.31,115.0
06/2024,32.51,31.01,27.31,115.0
06/2024,32.51,31.01,27.31,115.0
06/2024,32.51,31.01,27.31,115.0
06/2024,32.51,31.01,27.31,115.0
06/2024,32.51,31.01,27.31,115.0
06/2024,32.38,30.88,27.18,115.0
06/2024,32.38,30.88,27.18,115.0
06/2024,32.38,30.88,27.18,115.0
06/2024,32.38,30.88,27.18,115.0
06/2024,32.38,30.88,27.18,115.0
06/2024,32.38,30.88,27.18,115.0
06/2024,32.38,30.88,27.18,115.0
06/2024,32.38,30.88,27.56,115.0
06/2024,32.38,30.88,27.56,115.0
06/2024,32.38,30.88,27.56,115.0
06/2024,32.38,30.88,27.56,115.0
06/2024,32.38,30.88,27.56,115.0
06/2024,32.38,30.88,27.56,115.0
06/2024,32.38,30.88,27.56,115.0
06/2024,32.4,30.91,27.68,115.0
06/2024,32.4,30.91,27.68,110.0
06/2024,32.4,30.91,27.68,110.0
06/2024,32.4,30.91,27.68,110.0
06/2024,32.4,30.91,27.68,110.0
06/2024,32.4,30.91,27.68,110.0
06/2024,32.4,30.91,27.68,110.0
07/2024,32.4,30.91,27.68,110.0
07/2024,32.4,30.91,27.68,110.0
07/2024,32.67,31.17,28.53,110.0
07/2024,32.67,31.17,28.53,110.0
07/2024,32.67,31.17,28.53,110.0
07/2024,32.67,31.17,28.53,110.0
07/2024,32.67,31.17,28.53,110.0
07/2024,32.68,31.17,28.16,110.0
07/2024,32.68,31.17,28.16,110.0
07/2024,32.68,31.17,28.16,110.0
07/2024,32.68,31.17,28.16,110.0
07/2024,32.68,31.17,28.16,110.0
07/2024,32.68,31.17,28.16,110.0
07/2024,32.68,31.17,28.16,110.0
07/2024,33.23,31.73,28.55,110.0
07/2024,33.23,31.73,28.55,110.0
07/2024,33.23,31.73,28.55,110.0
07/2024,33.23,31.73,28.55,110.0
07/2024,33.23,31.73,28.55,110.0
07/2024,33.23,31.73,28.55,110.0
07/2024,33.23,31.73,28.55,110.0
07/2024,32.79,31.29,28.09,110.0
07/2024,32.79,31.29,28.09,110.0
07/2024,32.79,31.29,28.09,110.0
07/2024,32.79,31.29,28.09,110.0
07/2024,32.79,31.29,28.09,110.0
07/2024,32.79,31.29,28.09,110.0
07/2024,32.79,31.29,28.09,110.0
07/2024,32.63,31.13,27.93,110.0
07/2024,32.63,31.13,27.93,110.0
07/2024,32.63,31.13,27.93,110.0
08/2024,32.63,31.13,27.93,110.0
